"OCCURENCE","RGBA","HEX","NAME"
3668906,"(0,0,0,0)","#00000000"," none"
799786,"(0,0,0,255)","#000000FF"," black"
272,"(0,64,255,255)","#0040FFFF"," srgba(0,64,255,1)"
3204,"(0,85,128,255)","#005580FF"," srgba(0,85,128,1)"
660,"(0,96,195,255)","#0060C3FF"," srgba(0,96,195,1)"
1443,"(20,44,124,255)","#142C7CFF"," srgba(20,44,124,1)"
10986,"(22,55,164,255)","#1637A4FF"," srgba(22,55,164,1)"
12506,"(26,67,200,255)","#1A43C8FF"," srgba(26,67,200,1)"
3558,"(26,110,213,255)","#1A6ED5FF"," srgba(26,110,213,1)"
1376,"(28,26,0,255)","#1C1A00FF"," srgba(28,26,0,1)"
8745,"(34,144,0,255)","#229000FF"," srgba(34,144,0,1)"
2,"(37,20,9,255)","#251409FF"," srgba(37,20,9,1)"
6496,"(38,49,74,255)","#26314AFF"," srgba(38,49,74,1)"
1508,"(40,27,9,255)","#281B09FF"," srgba(40,27,9,1)"
1536,"(40,88,177,255)","#2858B1FF"," srgba(40,88,177,1)"
13611,"(40,177,67,255)","#28B143FF"," srgba(40,177,67,1)"
768,"(41,62,100,255)","#293E64FF"," srgba(41,62,100,1)"
764,"(41,100,52,255)","#296434FF"," srgba(41,100,52,1)"
884,"(42,42,42,255)","#2A2A2AFF"," srgba(42,42,42,1)"
1536,"(44,81,149,255)","#2C5195FF"," srgba(44,81,149,1)"
1528,"(44,149,65,255)","#2C9541FF"," srgba(44,149,65,1)"
346,"(45,25,12,255)","#2D190CFF"," srgba(45,25,12,1)"
2229,"(45,107,98,255)","#2D6B62FF"," srgba(45,107,98,1)"
2364,"(49,27,13,255)","#311B0DFF"," srgba(49,27,13,1)"
9,"(50,65,42,255)","#32412AFF"," srgba(50,65,42,1)"
1716,"(50,141,253,255)","#328DFDFF"," srgba(50,141,253,1)"
677,"(53,36,16,255)","#352410FF"," srgba(53,36,16,1)"
2540,"(53,53,53,255)","#353535FF"," srgba(53,53,53,1)"
50,"(54,70,45,255)","#36462DFF"," srgba(54,70,45,1)"
2,"(56,45,31,255)","#382D1FFF"," srgba(56,45,31,1)"
8,"(57,35,18,255)","#392312FF"," srgba(57,35,18,1)"
2,"(59,33,15,255)","#3B210FFF"," srgba(59,33,15,1)"
190,"(60,36,19,255)","#3C2413FF"," srgba(60,36,19,1)"
268,"(60,86,89,255)","#3C5659FF"," srgba(60,86,89,1)"
316,"(60,104,39,255)","#3C6827FF"," srgba(60,104,39,1)"
295,"(60,195,0,255)","#3CC300FF"," srgba(60,195,0,1)"
11017,"(61,47,30,255)","#3D2F1EFF"," srgba(61,47,30,1)"
10,"(66,80,58,255)","#42503AFF"," srgba(66,80,58,1)"
4,"(67,81,59,255)","#43513BFF"," srgba(67,81,59,1)"
429,"(70,56,39,255)","#463827FF"," srgba(70,56,39,1)"
2,"(71,57,41,255)","#473929FF"," srgba(71,57,41,1)"
134,"(72,93,93,255)","#485D5DFF"," srgba(72,93,93,1)"
158,"(72,111,43,255)","#486F2BFF"," srgba(72,111,43,1)"
1519,"(74,18,1,255)","#4A1201FF"," srgba(74,18,1,1)"
2130,"(75,60,42,255)","#4B3C2AFF"," srgba(75,60,42,1)"
9376,"(76,76,76,255)","#4C4C4CFF"," srgba(76,76,76,1)"
5301,"(79,44,20,255)","#4F2C14FF"," srgba(79,44,20,1)"
172,"(79,69,56,255)","#4F4538FF"," srgba(79,69,56,1)"
1562,"(80,47,5,255)","#502F05FF"," srgba(80,47,5,1)"
404,"(80,106,101,255)","#506A65FF"," srgba(80,106,101,1)"
332,"(80,124,51,255)","#507C33FF"," srgba(80,124,51,1)"
12144,"(81,54,12,255)","#51360CFF"," srgba(81,54,12,1)"
4826,"(81,81,81,255)","#515151FF"," srgba(81,81,81,1)"
171,"(82,50,26,255)","#52321AFF"," srgba(82,50,26,1)"
9,"(82,66,47,255)","#52422FFF"," srgba(82,66,47,1)"
1376,"(83,76,0,255)","#534C00FF"," srgba(83,76,0,1)"
91,"(85,47,22,255)","#552F16FF"," srgba(85,47,22,1)"
20485,"(85,85,85,255)","#555555FF"," srgba(85,85,85,1)"
5198,"(86,38,0,255)","#562600FF"," srgba(86,38,0,1)"
319,"(87,113,73,255)","#577149FF"," srgba(87,113,73,1)"
468,"(88,71,51,255)","#584733FF"," srgba(88,71,51,1)"
1360,"(89,89,89,255)","#595959FF"," grey35"
1079,"(89,101,112,255)","#596570FF"," srgba(89,101,112,1)"
2,"(89,109,72,255)","#596D48FF"," srgba(89,109,72,1)"
2,"(91,73,51,255)","#5B4933FF"," srgba(91,73,51,1)"
2008,"(92,57,15,255)","#5C390FFF"," srgba(92,57,15,1)"
300,"(92,115,107,255)","#5C736BFF"," srgba(92,115,107,1)"
92,"(92,127,145,255)","#5C7F91FF"," srgba(92,127,145,1)"
328,"(92,133,57,255)","#5C8539FF"," srgba(92,133,57,1)"
108,"(92,145,95,255)","#5C915FFF"," srgba(92,145,95,1)"
2,"(93,35,16,255)","#5D2310FF"," srgba(93,35,16,1)"
52,"(93,93,93,255)","#5D5D5DFF"," srgba(93,93,93,1)"
202,"(93,121,117,255)","#5D7975FF"," srgba(93,121,117,1)"
166,"(93,139,67,255)","#5D8B43FF"," srgba(93,139,67,1)"
2183,"(94,76,55,255)","#5E4C37FF"," srgba(94,76,55,1)"
132,"(94,87,87,255)","#5E5757FF"," srgba(94,87,87,1)"
433,"(94,114,83,255)","#5E7253FF"," srgba(94,114,83,1)"
1580,"(95,29,9,255)","#5F1D09FF"," srgba(95,29,9,1)"
600,"(99,99,99,255)","#636363FF"," grey39"
176,"(100,88,73,255)","#645849FF"," srgba(100,88,73,1)"
11,"(101,82,60,255)","#65523CFF"," srgba(101,82,60,1)"
721,"(101,94,94,255)","#655E5EFF"," srgba(101,94,94,1)"
951,"(104,60,8,255)","#683C08FF"," srgba(104,60,8,1)"
4476,"(104,70,31,255)","#68461FFF"," srgba(104,70,31,1)"
3210,"(105,12,69,255)","#690C45FF"," srgba(105,12,69,1)"
811,"(105,47,8,255)","#692F08FF"," srgba(105,47,8,1)"
56,"(106,86,63,255)","#6A563FFF"," srgba(106,86,63,1)"
46,"(106,142,160,255)","#6A8EA0FF"," srgba(106,142,160,1)"
54,"(106,160,110,255)","#6AA06EFF"," srgba(106,160,110,1)"
1,"(107,99,97,255)","#6B6361FF"," srgba(107,99,97,1)"
58,"(110,110,110,255)","#6E6E6EFF"," grey43"
150,"(110,134,127,255)","#6E867FFF"," srgba(110,134,127,1)"
164,"(110,152,77,255)","#6E984DFF"," srgba(110,152,77,1)"
129,"(111,111,111,255)","#6F6F6FFF"," srgba(111,111,111,1)"
13305,"(113,12,199,255)","#710CC7FF"," srgba(113,12,199,1)"
2124,"(113,16,16,255)","#711010FF"," srgba(113,16,16,1)"
218509,"(113,63,29,255)","#713F1DFF"," srgba(113,63,29,1)"
2599,"(114,55,9,255)","#723709FF"," srgba(114,55,9,1)"
2,"(114,93,67,255)","#725D43FF"," srgba(114,93,67,1)"
12,"(117,189,189,255)","#75BDBDFF"," srgba(117,189,189,1)"
73,"(118,59,26,255)","#763B1AFF"," srgba(118,59,26,1)"
171,"(118,95,67,255)","#765F43FF"," srgba(118,95,67,1)"
9681,"(121,75,17,255)","#794B11FF"," srgba(121,75,17,1)"
4650,"(121,97,68,255)","#796144FF"," srgba(121,97,68,1)"
7641,"(125,162,105,255)","#7DA269FF"," srgba(125,162,105,1)"
2,"(127,77,54,255)","#7F4D36FF"," srgba(127,77,54,1)"
5804,"(128,219,218,255)","#80DBDAFF"," srgba(128,219,218,1)"
17901,"(129,25,183,255)","#8119B7FF"," srgba(129,25,183,1)"
74,"(130,80,50,255)","#825032FF"," srgba(130,80,50,1)"
159,"(130,104,73,255)","#826849FF"," srgba(130,104,73,1)"
18,"(131,199,144,255)","#83C790FF"," srgba(131,199,144,1)"
88,"(133,50,23,255)","#853217FF"," srgba(133,50,23,1)"
3170,"(133,81,20,255)","#855114FF"," srgba(133,81,20,1)"
878,"(133,86,30,255)","#85561EFF"," srgba(133,86,30,1)"
1288,"(133,111,86,255)","#856F56FF"," srgba(133,111,86,1)"
6068,"(134,88,30,255)","#86581EFF"," srgba(134,88,30,1)"
7,"(134,131,119,255)","#868377FF"," srgba(134,131,119,1)"
644,"(137,122,112,255)","#897A70FF"," srgba(137,122,112,1)"
1137,"(139,83,44,255)","#8B532CFF"," srgba(139,83,44,1)"
3210,"(140,13,91,255)","#8C0D5BFF"," srgba(140,13,91,1)"
1992,"(141,141,141,255)","#8D8D8DFF"," srgba(141,141,141,1)"
24,"(142,165,159,255)","#8EA59FFF"," srgba(142,165,159,1)"
288,"(143,15,105,255)","#8F0F69FF"," srgba(143,15,105,1)"
5,"(143,130,84,255)","#8F8254FF"," srgba(143,130,84,1)"
169,"(145,118,86,255)","#917656FF"," srgba(145,118,86,1)"
6770,"(147,55,9,255)","#933709FF"," srgba(147,55,9,1)"
4,"(148,149,147,255)","#949593FF"," srgba(148,149,147,1)"
1599,"(152,136,128,255)","#988880FF"," srgba(152,136,128,1)"
5232,"(153,124,89,255)","#997C59FF"," srgba(153,124,89,1)"
322,"(153,132,117,255)","#998475FF"," srgba(153,132,117,1)"
50,"(153,153,153,255)","#999999FF"," grey60"
58,"(154,142,139,255)","#9A8E8BFF"," srgba(154,142,139,1)"
144,"(155,22,109,255)","#9B166DFF"," srgba(155,22,109,1)"
79,"(155,111,77,255)","#9B6F4DFF"," srgba(155,111,77,1)"
36,"(155,188,136,255)","#9BBC88FF"," srgba(155,188,136,1)"
43,"(155,224,224,255)","#9BE0E0FF"," srgba(155,224,224,1)"
32,"(159,192,171,255)","#9FC0ABFF"," srgba(159,192,171,1)"
352,"(163,35,117,255)","#A32375FF"," srgba(163,35,117,1)"
1297,"(163,151,151,255)","#A39797FF"," srgba(163,151,151,1)"
134,"(164,133,96,255)","#A48560FF"," srgba(164,133,96,1)"
616,"(164,150,129,255)","#A49681FF"," srgba(164,150,129,1)"
10,"(164,163,160,255)","#A4A3A0FF"," srgba(164,163,160,1)"
2062,"(165,141,141,255)","#A58D8DFF"," srgba(165,141,141,1)"
45868,"(166,110,44,255)","#A66E2CFF"," srgba(166,110,44,1)"
2623,"(167,124,71,255)","#A77C47FF"," srgba(167,124,71,1)"
28,"(169,140,107,255)","#A98C6BFF"," srgba(169,140,107,1)"
65,"(170,123,84,255)","#AA7B54FF"," srgba(170,123,84,1)"
3210,"(173,33,96,255)","#AD2160FF"," srgba(173,33,96,1)"
82,"(173,126,89,255)","#AD7E59FF"," srgba(173,126,89,1)"
234594,"(174,139,97,255)","#AE8B61FF"," srgba(174,139,97,1)"
304,"(175,44,123,255)","#AF2C7BFF"," srgba(175,44,123,1)"
104,"(175,56,161,255)","#AF38A1FF"," srgba(175,56,161,1)"
26,"(175,163,163,255)","#AFA3A3FF"," srgba(175,163,163,1)"
176,"(176,50,133,255)","#B03285FF"," srgba(176,50,133,1)"
1,"(176,163,155,255)","#B0A39BFF"," srgba(176,163,155,1)"
521,"(177,177,177,255)","#B1B1B1FF"," srgba(177,177,177,1)"
702,"(178,97,220,255)","#B261DCFF"," srgba(178,97,220,1)"
37,"(179,142,125,255)","#B38E7DFF"," srgba(179,142,125,1)"
5974,"(180,180,180,255)","#B4B4B4FF"," srgba(180,180,180,1)"
107,"(182,111,78,255)","#B66F4EFF"," srgba(182,111,78,1)"
1197,"(182,159,130,255)","#B69F82FF"," srgba(182,159,130,1)"
696,"(182,163,137,255)","#B6A389FF"," srgba(182,163,137,1)"
164,"(182,180,191,255)","#B6B4BFFF"," srgba(182,180,191,1)"
308,"(183,171,152,255)","#B7AB98FF"," srgba(183,171,152,1)"
2,"(184,180,172,255)","#B8B4ACFF"," srgba(184,180,172,1)"
2782,"(185,185,185,128)","#B9B9B980"," srgba(185,185,185,0.501961)"
1,"(186,172,162,255)","#BAACA2FF"," srgba(186,172,162,1)"
1525,"(187,179,166,255)","#BBB3A6FF"," srgba(187,179,166,1)"
52,"(189,71,176,255)","#BD47B0FF"," srgba(189,71,176,1)"
152,"(193,63,143,255)","#C13F8FFF"," srgba(193,63,143,1)"
491,"(194,137,70,255)","#C28946FF"," srgba(194,137,70,1)"
1995,"(196,33,16,255)","#C42110FF"," srgba(196,33,16,1)"
4805,"(198,198,198,255)","#C6C6C6FF"," srgba(198,198,198,1)"
2008,"(199,117,20,255)","#C77514FF"," srgba(199,117,20,1)"
809,"(200,251,251,255)","#C8FBFBFF"," srgba(200,251,251,1)"
1031,"(201,178,178,255)","#C9B2B2FF"," srgba(201,178,178,1)"
6471,"(201,201,201,255)","#C9C9C9FF"," grey79"
8433,"(202,78,17,255)","#CA4E11FF"," srgba(202,78,17,1)"
82,"(202,201,212,255)","#CAC9D4FF"," srgba(202,201,212,1)"
6,"(202,214,225,255)","#CAD6E1FF"," srgba(202,214,225,1)"
1849,"(205,0,203,255)","#CD00CBFF"," srgba(205,0,203,1)"
348,"(207,189,166,255)","#CFBDA6FF"," srgba(207,189,166,1)"
80,"(208,156,110,255)","#D09C6EFF"," srgba(208,156,110,1)"
2658,"(210,157,96,255)","#D29D60FF"," srgba(210,157,96,1)"
1728,"(212,200,184,255)","#D4C8B8FF"," srgba(212,200,184,1)"
848,"(214,0,0,255)","#D60000FF"," srgba(214,0,0,1)"
440,"(214,4,4,255)","#D60404FF"," srgba(214,4,4,1)"
586,"(215,215,215,255)","#D7D7D7FF"," srgba(215,215,215,1)"
102,"(218,142,102,255)","#DA8E66FF"," srgba(218,142,102,1)"
12,"(218,205,187,255)","#DACDBBFF"," srgba(218,205,187,1)"
233981,"(219,177,128,255)","#DBB180FF"," srgba(219,177,128,1)"
1265,"(220,29,29,255)","#DC1D1DFF"," srgba(220,29,29,1)"
16,"(220,216,164,255)","#DCD8A4FF"," srgba(220,216,164,1)"
3,"(220,220,220,255)","#DCDCDCFF"," gainsboro"
410,"(220,223,234,255)","#DCDFEAFF"," srgba(220,223,234,1)"
4,"(221,190,186,255)","#DDBEBAFF"," srgba(221,190,186,1)"
5444,"(221,221,221,128)","#DDDDDD80"," srgba(221,221,221,0.501961)"
461,"(223,223,223,255)","#DFDFDFFF"," srgba(223,223,223,1)"
17,"(224,130,130,255)","#E08282FF"," srgba(224,130,130,1)"
36597,"(226,38,38,255)","#E22626FF"," srgba(226,38,38,1)"
961,"(226,91,38,255)","#E25B26FF"," srgba(226,91,38,1)"
792,"(228,235,23,255)","#E4EB17FF"," srgba(228,235,23,1)"
5150,"(230,87,0,255)","#E65700FF"," srgba(230,87,0,1)"
13,"(230,174,174,255)","#E6AEAEFF"," srgba(230,174,174,1)"
1249,"(231,203,169,255)","#E7CBA9FF"," srgba(231,203,169,1)"
8,"(232,101,112,255)","#E86570FF"," srgba(232,101,112,1)"
9,"(232,239,192,255)","#E8EFC0FF"," srgba(232,239,192,1)"
5,"(232,244,255,255)","#E8F4FFFF"," srgba(232,244,255,1)"
80944,"(234,217,217,255)","#EAD9D9FF"," srgba(234,217,217,1)"
70,"(238,234,182,255)","#EEEAB6FF"," srgba(238,234,182,1)"
38,"(238,238,238,255)","#EEEEEEFF"," srgba(238,238,238,1)"
7644,"(240,240,240,255)","#F0F0F0FF"," grey94"
1716,"(253,50,50,255)","#FD3232FF"," srgba(253,50,50,1)"
126,"(255,0,0,255)","#FF0000FF"," red"
55,"(255,42,0,255)","#FF2A00FF"," srgba(255,42,0,1)"
5915,"(255,142,190,255)","#FF8EBEFF"," srgba(255,142,190,1)"
484,"(255,186,0,255)","#FFBA00FF"," srgba(255,186,0,1)"
483,"(255,201,38,255)","#FFC926FF"," srgba(255,201,38,1)"
203,"(255,216,0,255)","#FFD800FF"," srgba(255,216,0,1)"
2162,"(255,217,38,255)","#FFD926FF"," srgba(255,217,38,1)"
49700,"(255,246,142,255)","#FFF68EFF"," srgba(255,246,142,1)"
17092,"(255,255,255,255)","#FFFFFFFF"," white"
